iter	Logloss
0	0.671161633
1	0.665581226
